-- Insertar 10 registros en la tabla `metodos_pago`
INSERT INTO `metodos_pago` (`nombre`, `descripcion`, `activo`)
VALUES ('Tarjeta de Cr칠dito', 'Pago con tarjeta de cr칠dito', 1),
       ('Transferencia Bancaria', 'Pago mediante transferencia bancaria', 1),
       ('PayPal', 'Pago a trav칠s de PayPal', 1),
       ('Bitcoin', 'Pago mediante Bitcoin', 1),
       ('MercadoPago', 'Pago a trav칠s de MercadoPago', 1),
       ('Stripe', 'Pago mediante Stripe', 1),
       ('Skrill', 'Pago mediante Skrill', 1),
       ('Western Union', 'Pago mediante Western Union', 1),
       ('Apple Pay', 'Pago mediante Apple Pay', 1),
       ('Google Pay', 'Pago mediante Google Pay', 1);

-- Insertar 10 registros en la tabla `usuarios`
INSERT INTO `usuarios` (`nombre`, `email`, `password`, `telefono`, `direccion`, `tipo`)
VALUES ('Juan P칠rez', 'juanperez@example.com', 'password123', '1234567890', 'Calle Falsa 123', 'COMPRADOR'),
       ('Ana G칩mez', 'anagomez@example.com', 'password123', '0987654321', 'Calle Verdadera 456', 'VENDEDOR'),
       ('Carlos L칩pez', 'carloslopez@example.com', 'password123', '1122334455', 'Avenida Siempre Viva 789', 'ADMIN'),
       ('Laura Fern치ndez', 'laurafernandez@example.com', 'password123', '6677889900', 'Calle Cualquiera 101',
        'COMPRADOR'),
       ('Pedro Mart칤nez', 'pedromartinez@example.com', 'password123', '9988776655', 'Calle Larga 202', 'VENDEDOR'),
       ('Luc칤a Rodr칤guez', 'luciarodriguez@example.com', 'password123', '1230984567', 'Plaza Mayor 303', 'ADMIN'),
       ('Mario Garc칤a', 'mariogarcia@example.com', 'password123', '5555555555', 'Calle Real 404', 'COMPRADOR'),
       ('Elena S치nchez', 'elenasanchez@example.com', 'password123', '6666666666', 'Calle Famosa 505', 'VENDEDOR'),
       ('Javier Torres', 'javiertorres@example.com', 'password123', '7777777777', 'Calle Bonita 606', 'ADMIN'),
       ('Sof칤a P칠rez', 'sofiaperez@example.com', 'password123', '8888888888', 'Calle Del Sol 707', 'COMPRADOR');


-- Insertar categor칤as principales
-- Se insertan las categor칤as principales y se guarda su ID utilizando LAST_INSERT_ID()

-- Electr칩nica
INSERT INTO `categorias` (`nombre`, `descripcion`, `categoria_padre`)
VALUES ('Electr칩nica', 'Productos electr칩nicos', NULL);
SET @categoria_electronica = LAST_INSERT_ID();

-- Ropa
INSERT INTO `categorias` (`nombre`, `descripcion`, `categoria_padre`)
VALUES ('Ropa', 'Ropa y vestimenta', NULL);
SET @categoria_ropa = LAST_INSERT_ID();

-- Alimentos
INSERT INTO `categorias` (`nombre`, `descripcion`, `categoria_padre`)
VALUES ('Alimentos', 'Comida y bebidas', NULL);
SET @categoria_alimentos = LAST_INSERT_ID();

-- Hogar
INSERT INTO `categorias` (`nombre`, `descripcion`, `categoria_padre`)
VALUES ('Hogar', 'Productos para el hogar', NULL);
SET @categoria_hogar = LAST_INSERT_ID();

-- Juguetes
INSERT INTO `categorias` (`nombre`, `descripcion`, `categoria_padre`)
VALUES ('Juguetes', 'Juguetes para ni침os', NULL);
SET @categoria_juguetes = LAST_INSERT_ID();

-- Deportes
INSERT INTO `categorias` (`nombre`, `descripcion`, `categoria_padre`)
VALUES ('Deportes', 'Art칤culos deportivos', NULL);
SET @categoria_deportes = LAST_INSERT_ID();

-- Muebles
INSERT INTO `categorias` (`nombre`, `descripcion`, `categoria_padre`)
VALUES ('Muebles', 'Muebles para el hogar', NULL);
SET @categoria_muebles = LAST_INSERT_ID();

-- Belleza
INSERT INTO `categorias` (`nombre`, `descripcion`, `categoria_padre`)
VALUES ('Belleza', 'Productos de belleza', NULL);
SET @categoria_belleza = LAST_INSERT_ID();

-- Salud
INSERT INTO `categorias` (`nombre`, `descripcion`, `categoria_padre`)
VALUES ('Salud', 'Productos de salud y cuidado personal', NULL);
SET @categoria_salud = LAST_INSERT_ID();

-- Libros
INSERT INTO `categorias` (`nombre`, `descripcion`, `categoria_padre`)
VALUES ('Libros', 'Libros y material educativo', NULL);
SET @categoria_libros = LAST_INSERT_ID();

-- Insertar subcategor칤as para cada categor칤a principal usando los ID obtenidos
-- Electr칩nica
INSERT INTO `categorias` (`nombre`, `descripcion`, `categoria_padre`)
VALUES
    ('Smartphones', 'Tel칠fonos inteligentes, accesorios y gadgets m칩viles', @categoria_electronica),
    ('Computadoras y Laptops', 'Laptops, computadoras de escritorio y accesorios de inform치tica', @categoria_electronica),
    ('Electrodom칠sticos de Cocina', 'Electrodom칠sticos como microondas, licuadoras, y cafetera', @categoria_electronica);

-- Ropa
INSERT INTO `categorias` (`nombre`, `descripcion`, `categoria_padre`)
VALUES
    ('Ropa de Mujer', 'Vestidos, blusas, pantalones y accesorios para mujeres', @categoria_ropa),
    ('Ropa de Hombre', 'Camisas, pantalones, chaquetas y ropa formal para hombres', @categoria_ropa),
    ('Ropa Infantil', 'Ropa para ni침os, incluidos conjuntos, vestidos, pantalones y prendas escolares', @categoria_ropa),
    ('Ropa Deportiva para Hombre', 'Ropa deportiva para hombres, como sudaderas, leggings, zapatillas', @categoria_ropa),
    ('Ropa Deportiva para Mujer', 'Ropa deportiva para mujeres, como leggins, tops, chaquetas deportivas', @categoria_ropa);

-- Alimentos
INSERT INTO `categorias` (`nombre`, `descripcion`, `categoria_padre`)
VALUES
    ('Frutas y Verduras', 'Frutas frescas, verduras y hortalizas org치nicas y convencionales', @categoria_alimentos),
    ('Alimentos Enlatados', 'Conservas de vegetales, sopas, pescado y carne enlatados', @categoria_alimentos),
    ('Delicatessen', 'Productos gourmet como quesos, aceites, y jamones curados', @categoria_alimentos),
    ('Panader칤a', 'Pan fresco, galletas, pasteles y otros productos de panader칤a', @categoria_alimentos),
    ('Bebidas', 'Jugos, refrescos, agua mineral y bebidas alcoh칩licas', @categoria_alimentos);

-- Deportes
INSERT INTO `categorias` (`nombre`, `descripcion`, `categoria_padre`)
VALUES
    ('F칰tbol', 'Balones, camisetas, botas y accesorios para f칰tbol', @categoria_deportes),
    ('Tenis y Raquetas', 'Raquetas de tenis, pelotas y accesorios para jugadores de tenis', @categoria_deportes),
    ('Ropa Deportiva para Entrenamiento', 'Ropa y accesorios para entrenamientos y gimnasio', @categoria_deportes),
    ('Camping y Senderismo', 'Equipamiento para camping, mochilas, carpas y ropa de senderismo', @categoria_deportes);

-- Muebles
INSERT INTO `categorias` (`nombre`, `descripcion`, `categoria_padre`)
VALUES
    ('Muebles para Sala', 'Sof치s, mesas de caf칠, estanter칤as y muebles de TV para la sala de estar', @categoria_muebles),
    ('Muebles para Dormitorio', 'Camas, colchones, armarios y mesas de noche para el dormitorio', @categoria_muebles);

-- Belleza
INSERT INTO `categorias` (`nombre`, `descripcion`, `categoria_padre`)
VALUES
    ('Cuidado de la Piel', 'Cremas, lociones, mascarillas y productos para el cuidado de la piel', @categoria_belleza),
    ('Maquillaje', 'Cosm칠ticos, bases, labiales, sombras y productos para maquillar', @categoria_belleza),
    ('Cuidado del Cabello', 'Shampoo, acondicionador, aceites y productos para el cuidado capilar', @categoria_belleza);

-- Salud
INSERT INTO `categorias` (`nombre`, `descripcion`, `categoria_padre`)
VALUES
    ('Suplementos Nutricionales', 'Vitaminas, minerales, prote칤nas y otros suplementos para la salud', @categoria_salud),
    ('Higiene Personal', 'Productos de higiene como jabones, desodorantes, y cepillos de dientes', @categoria_salud);

-- Libros
INSERT INTO `categorias` (`nombre`, `descripcion`, `categoria_padre`)
VALUES
    ('Ficci칩n', 'Libros de ficci칩n, novelas, literatura y obras literarias', @categoria_libros),
    ('Educaci칩n y Desarrollo Personal', 'Libros educativos, gu칤as de estudio, autoayuda y desarrollo personal', @categoria_libros),
    ('Historia y Biograf칤as', 'Libros sobre historia, biograf칤as de personajes hist칩ricos y relatos de acontecimientos pasados', @categoria_libros),
    ('Ciencia y Tecnolog칤a', 'Libros sobre ciencia, avances tecnol칩gicos, matem치ticas e ingenier칤a', @categoria_libros);



-- Insertar 10 registros en la tabla `mensajes`
INSERT INTO `mensajes` (`comprador_id`, `vendedor_id`, `contenido`)
VALUES (1, 2, '쮼ste producto est치 disponible?'),
       (2, 1, 'S칤, el producto est치 disponible.'),
       (3, 2, '쮺u치l es el precio de este producto?'),
       (2, 3, 'El precio es de $50.'),
       (1, 3, '쯇uedo pagar con tarjeta de cr칠dito?'),
       (4, 2, 'S칤, aceptamos tarjetas de cr칠dito.'),
       (5, 6, '쮺u치ndo recibir칠 mi pedido?'),
       (7, 5, 'Tu pedido ser치 entregado en 5 d칤as h치biles.'),
       (6, 8, '쮼l producto tiene garant칤a?'),
       (9, 1, 'S칤, el producto tiene una garant칤a de 1 a침o.');

-- Insertar 10 registros en la tabla `ordenes`
INSERT INTO `ordenes` (`comprador_id`, `total`, `estado`)
VALUES (1, 100.00, 'PENDIENTE'),
       (2, 50.00, 'PAGADO'),
       (3, 150.00, 'ENVIADO'),
       (4, 75.00, 'ENTREGADO'),
       (5, 200.00, 'CANCELADO'),
       (6, 120.00, 'PENDIENTE'),
       (7, 180.00, 'PAGADO'),
       (8, 90.00, 'ENVIADO'),
       (9, 110.00, 'ENTREGADO'),
       (10, 160.00, 'PENDIENTE');

-- Insertar 10 registros en la tabla `reportes`
INSERT INTO `reportes` (`usuario_id`, `tipo`, `descripcion`, `estado`)
VALUES (1, 'PRODUCTO', 'El producto lleg칩 da침ado', 'PENDIENTE'),
       (2, 'ORDEN', 'El pedido fue cancelado sin raz칩n', 'PENDIENTE'),
       (3, 'USUARIO', 'Usuario abusivo en los comentarios', 'PENDIENTE'),
       (4, 'PRODUCTO', 'Producto no coincide con la descripci칩n', 'REVISADO'),
       (5, 'ORDEN', 'Retraso en la entrega', 'RESUELTO'),
       (6, 'OTRO', 'Error en el sistema de pago', 'PENDIENTE'), -- 游댳 Posible ajuste aqu칤
       (7, 'PRODUCTO', 'Producto no llega en el tiempo acordado', 'PENDIENTE'),
       (8, 'USUARIO', 'Usuario hizo spam en los mensajes', 'REVISADO'),
       (9, 'ORDEN', 'Pedido incorrecto', 'RESUELTO'),
       (10, 'PRODUCTO', 'El producto lleg칩 roto', 'PENDIENTE');

-- Insertar 10 registros en la tabla `productos`
-- Insertar productos y obtener sus IDs generados autom치ticamente
-- Se insertan los productos y se obtiene el ID generado usando LAST_INSERT_ID()

-- Producto 1: Smartphone
INSERT INTO `productos` (`vendedor_id`, `categoria_id`, `nombre`, `descripcion`, `precio`, `stock`, `estado`)
VALUES (2, 1, 'Smartphone', 'Smartphone de 칰ltima generaci칩n', 300.00, 10, 'NUEVO');
SET @producto_1 = LAST_INSERT_ID();

-- Producto 2: Camisa de algod칩n
INSERT INTO `productos` (`vendedor_id`, `categoria_id`, `nombre`, `descripcion`, `precio`, `stock`, `estado`)
VALUES (2, 2, 'Camisa de algod칩n', 'Camisa de algod칩n para hombre', 20.00, 50, 'NUEVO');
SET @producto_2 = LAST_INSERT_ID();

-- Producto 3: Jugo de naranja
INSERT INTO `productos` (`vendedor_id`, `categoria_id`, `nombre`, `descripcion`, `precio`, `stock`, `estado`)
VALUES (3, 3, 'Jugo de naranja', 'Jugo natural de naranja', 5.00, 100, 'NUEVO');
SET @producto_3 = LAST_INSERT_ID();

-- Producto 4: Sof치 de 3 plazas
INSERT INTO `productos` (`vendedor_id`, `categoria_id`, `nombre`, `descripcion`, `precio`, `stock`, `estado`)
VALUES (4, 4, 'Sof치 de 3 plazas', 'Sof치 c칩modo para sala de estar', 250.00, 5, 'NUEVO');
SET @producto_4 = LAST_INSERT_ID();

-- Producto 5: Pelota de f칰tbol
INSERT INTO `productos` (`vendedor_id`, `categoria_id`, `nombre`, `descripcion`, `precio`, `stock`, `estado`)
VALUES (5, 5, 'Pelota de f칰tbol', 'Pelota de f칰tbol tama침o est치ndar', 15.00, 30, 'NUEVO');
SET @producto_5 = LAST_INSERT_ID();

-- Producto 6: Bicicleta de monta침a
INSERT INTO `productos` (`vendedor_id`, `categoria_id`, `nombre`, `descripcion`, `precio`, `stock`, `estado`)
VALUES (6, 6, 'Bicicleta de monta침a', 'Bicicleta para senderismo', 400.00, 20, 'NUEVO');
SET @producto_6 = LAST_INSERT_ID();

-- Producto 7: Silla de oficina
INSERT INTO `productos` (`vendedor_id`, `categoria_id`, `nombre`, `descripcion`, `precio`, `stock`, `estado`)
VALUES (7, 7, 'Silla de oficina', 'Silla ergon칩mica de oficina', 80.00, 15, 'NUEVO');
SET @producto_7 = LAST_INSERT_ID();

-- Producto 8: Crema facial
INSERT INTO `productos` (`vendedor_id`, `categoria_id`, `nombre`, `descripcion`, `precio`, `stock`, `estado`)
VALUES (8, 8, 'Crema facial', 'Crema hidratante para la piel', 25.00, 50, 'NUEVO');
SET @producto_8 = LAST_INSERT_ID();

-- Producto 9: Medicamento para la gripe
INSERT INTO `productos` (`vendedor_id`, `categoria_id`, `nombre`, `descripcion`, `precio`, `stock`, `estado`)
VALUES (9, 9, 'Medicamento para la gripe', 'Medicamento para aliviar los s칤ntomas de la gripe', 10.00, 200, 'NUEVO');
SET @producto_9 = LAST_INSERT_ID();

-- Producto 10: Libro de aventuras
INSERT INTO `productos` (`vendedor_id`, `categoria_id`, `nombre`, `descripcion`, `precio`, `stock`, `estado`)
VALUES (10, 10, 'Libro de aventuras', 'Un libro emocionante sobre aventuras', 12.00, 75, 'NUEVO');
SET @producto_10 = LAST_INSERT_ID();

-- Producto 10: Libro de aventuras
INSERT INTO `productos` (`vendedor_id`, `categoria_id`, `nombre`, `descripcion`, `precio`, `stock`, `estado`)
VALUES (10, 1, 'Libro de aventurass', 'Un libro emocionante sobre aventuras', 12.00, 75, 'NUEVO');
SET @producto_11 = LAST_INSERT_ID();

-- Producto 10: Libro de aventuras
INSERT INTO `productos` (`vendedor_id`, `categoria_id`, `nombre`, `descripcion`, `precio`, `stock`, `estado`)
VALUES (10, 1, 'Libro de aventurass', 'Un libro emocionante sobre aventuras', 12.00, 75, 'NUEVO');
SET @producto_12 = LAST_INSERT_ID();

-- Producto 1: Smartphone
INSERT INTO `productos` (`vendedor_id`, `categoria_id`, `nombre`, `descripcion`, `precio`, `stock`, `estado`)
VALUES (2, 11, 'Smartphone pulento', 'Smartphone de 칰ltima generaci칩n', 300.00, 10, 'NUEVO');
SET @producto_13 = LAST_INSERT_ID();

-- Insertar 10 registros en la tabla `rese침as`
INSERT INTO `rese침as` (`producto_id`, `usuario_id`, `calificacion`, `comentario`)
VALUES (@producto_1, 1, 5, 'Excelente producto, funciona de maravilla.'),
       (@producto_2, 2, 4, 'Buena calidad, pero un poco caro.'),
       (@producto_3, 3, 5, 'Muy sabroso y refrescante, me encanta.'),
       (@producto_4, 4, 3, 'El sof치 es c칩modo, pero lleg칩 un poco da침ado.'),
       (@producto_5, 5, 5, 'Perfecta para jugar f칰tbol, la recomiendo.'),
       (@producto_6, 6, 4, 'Muy buena bici, aunque un poco pesada.'),
       (@producto_7, 7, 5, 'Silla muy c칩moda y ergon칩mica.'),
       (@producto_8, 8, 4, 'Buena crema, pero tarda un poco en absorberse.'),
       (@producto_9, 9, 5, 'Me alivia mucho cuando estoy resfriado.'),
       (@producto_10, 10, 4, 'Buen libro, aunque el final podr칤a ser mejor.');

-- Insertar 10 registros en la tabla `transacciones_pago`
INSERT INTO `transacciones_pago` (`orden_id`, `metodo_pago_id`, `monto`, `moneda`, `estado`)
VALUES (1, 1, 100.00, 'CLP', 'COMPLETADO'),
       (2, 2, 50.00, 'CLP', 'COMPLETADO'),
       (3, 3, 150.00, 'CLP', 'FALLIDO'),
       (4, 4, 75.00, 'CLP', 'COMPLETADO'),
       (5, 5, 200.00, 'CLP', 'PENDIENTE'),
       (6, 6, 120.00, 'CLP', 'COMPLETADO'),
       (7, 7, 180.00, 'CLP', 'PENDIENTE'),
       (8, 8, 90.00, 'CLP', 'COMPLETADO'),
       (9, 9, 110.00, 'CLP', 'COMPLETADO'),
       (10, 10, 160.00, 'CLP', 'FALLIDO');



-- Insertar im치genes para cada producto utilizando los IDs generados
INSERT INTO `imagenes_producto` (`producto_id`, `url_imagen`)
VALUES
    (@producto_1, 'https://images.unsplash.com/photo-1511707171634-5f897ff02aa9?w=800&auto=format'), -- Smartphone
    (@producto_1, 'https://images.unsplash.com/photo-1512496015851-a90fb38ba796?w=800&auto=format'), -- Smartphone
    (@producto_1, 'https://images.unsplash.com/photo-1498050108023-c5249f4df085?w=800&auto=format'), -- Smartphone
    (@producto_2, 'https://images.unsplash.com/photo-1523381210434-271e8be1f52b?w=800&auto=format'), -- Camisa de algod칩n
    (@producto_2, 'https://images.unsplash.com/photo-1521577352947-9bb58764b69a?w=800&auto=format'), -- Camisa de algod칩n
    (@producto_2, 'https://images.unsplash.com/photo-1534941848857-9a50f96b9c03?w=800&auto=format'), -- Camisa de algod칩n
    (@producto_3, 'https://images.unsplash.com/photo-1570197787195-8b3b9c1e1b1b?w=800&auto=format'), -- Jugo de naranja
    (@producto_3, 'https://images.unsplash.com/photo-1571115177098-5f7f60d0d5c4?w=800&auto=format'), -- Jugo de naranja
    (@producto_3, 'https://images.unsplash.com/photo-1580910051073-0c7f62b3ca9a?w=800&auto=format'), -- Jugo de naranja
    (@producto_4, 'https://images.unsplash.com/photo-1598300053650-d7e10f27c8d4?w=800&auto=format'), -- Sof치 de 3 plazas
    (@producto_4, 'https://images.unsplash.com/photo-1586023492125-27b2c045efd7?w=800&auto=format'), -- Sof치 de 3 plazas
    (@producto_4, 'https://images.unsplash.com/photo-1598300053650-d7e10f27c8d4?w=800&auto=format'), -- Sof치 de 3 plazas
    (@producto_5, 'https://images.unsplash.com/photo-1508606572321-901ea443707f?w=800&auto=format'), -- Pelota de f칰tbol
    (@producto_5, 'https://images.unsplash.com/photo-1579982175379-5e1e6e1f6c3e?w=800&auto=format'), -- Pelota de f칰tbol
    (@producto_5, 'https://images.unsplash.com/photo-1593113598332-4fbbf0c6f01e?w=800&auto=format'), -- Pelota de f칰tbol
    (@producto_6, 'https://images.unsplash.com/photo-1524549113650-1e569f81d6a6?w=800&auto=format'), -- Bicicleta de monta침a
    (@producto_6, 'https://images.unsplash.com/photo-1508972553412-8e4f46a51e92?w=800&auto=format'), -- Bicicleta de monta침a
    (@producto_6, 'https://images.unsplash.com/photo-1524549113650-1e569f81d6a6?w=800&auto=format'), -- Bicicleta de monta침a
    (@producto_7, 'https://images.unsplash.com/photo-1589820296156-6c6c9f99f4c5?w=800&auto=format'), -- Silla de oficina
    (@producto_7, 'https://images.unsplash.com/photo-1589820296156-6c6c9f99f4c5?w=800&auto=format'), -- Silla de oficina
    (@producto_7, 'https://images.unsplash.com/photo-1589820296156-6c6c9f99f4c5?w=800&auto=format'), -- Silla de oficina
    (@producto_8, 'https://images.unsplash.com/photo-1580910051073-0c7f62b3ca9a?w=800&auto=format'), -- Crema facial
    (@producto_8, 'https://images.unsplash.com/photo-1580910051073-0c7f62b3ca9a?w=800&auto=format'), -- Crema facial
    (@producto_8, 'https://images.unsplash.com/photo-1580910051073-0c7f62b3ca9a?w=800&auto=format'), -- Crema facial
    (@producto_9, 'https://images.unsplash.com/photo-1580910051073-0c7f62b3ca9a?w=800&auto=format'), -- Medicamento para la gripe
    (@producto_9, 'https://images.unsplash.com/photo-1580910051073-0c7f62b3ca9a?w=800&auto=format'), -- Medicamento para la gripe
    (@producto_9, 'https://images.unsplash.com/photo-1580910051073-0c7f62b3ca9a?w=800&auto=format'), -- Medicamento para la gripe
    (@producto_10, 'https://images.unsplash.com/photo-1580910051073-0c7f62b3ca9a?w=800&auto=format'), -- Libro de aventuras
    (@producto_10, 'https://images.unsplash.com/photo-1580910051073-0c7f62b3ca9a?w=800&auto=format'), -- Libro de aventuras
    (@producto_10, 'https://images.unsplash.com/photo-1580910051073-0c7f62b3ca9a?w=800&auto=format'); -- Libro de aventuras


INSERT INTO `favoritos` (`usuario_id`, `producto_id`)
VALUES (1, 1),
       (2, 2),
       (3, 3),
       (4, 4),
       (5, 5),
       (6, 6),
       (7, 7),
       (8, 8),
       (9, 9),
       (10, 10);

INSERT INTO `historial_visitas` (`usuario_id`, `producto_id`)
VALUES (1, 1),
       (2, 2),
       (3, 3),
       (4, 4),
       (5, 5),
       (6, 6),
       (7, 7),
       (8, 8),
       (9, 9),
       (10, 10);

INSERT INTO `detalle_orden` (`orden_id`, `producto_id`, `cantidad`, `precio_unitario`)
VALUES (1, 1, 1, 300.00),
       (2, 2, 2, 20.00),
       (3, 3, 3, 5.00),
       (4, 4, 1, 250.00),
       (5, 5, 4, 15.00),
       (6, 6, 1, 400.00),
       (7, 7, 2, 80.00),
       (8, 8, 1, 25.00),
       (9, 9, 5, 10.00),
       (10, 10, 2, 12.00);

-- Insertar 10 registros en la tabla `envios`
INSERT INTO `envios` (`orden_id`, `direccion_envio`, `estado`)
VALUES (1, 'Calle Falsa 123, Ciudad X', 'PREPARANDO'),
       (2, 'Calle Verdadera 456, Ciudad Y', 'ENVIADO'),
       (3, 'Avenida Siempre Viva 789, Ciudad Z', 'EN REPARTO'),
       (4, 'Calle Cualquiera 101, Ciudad A', 'ENTREGADO'),
       (5, 'Calle Larga 202, Ciudad B', 'PREPARANDO'),
       (6, 'Plaza Mayor 303, Ciudad C', 'ENVIADO'),
       (7, 'Calle Real 404, Ciudad D', 'EN REPARTO'),
       (8, 'Calle Famosa 505, Ciudad E', 'ENTREGADO'),
       (9, 'Calle Bonita 606, Ciudad F', 'PREPARANDO'),
       (10, 'Calle Del Sol 707, Ciudad G', 'ENVIADO');

INSERT INTO `carritos` (`usuario_id`, `fecha_creacion`)
VALUES
    (1, NOW()),
    (2, NOW()),
    (3, NOW()),
    (4, NOW()),
    (5, NOW()),
    (6, NOW()),
    (7, NOW()),
    (8, NOW()),
    (9, NOW()),
    (10, NOW());

INSERT INTO `carrito_detalle` (`carrito_id`, `producto_id`, `cantidad`)
VALUES
    (1, 1, 2),
    (2, 3, 5),
    (3, 2, 1),
    (4, 5, 3),
    (5, 7, 2),
    (6, 10, 1),
    (7, 6, 1),
    (8, 9, 2),
    (9, 4, 1),
    (10, 8, 4);
